<?xml version="1.0" encoding="utf-8"?>
<!-- Aseprite -->
<!-- Copyright (C) 2019-2025  Igara Studio S.A. -->
<!-- Copyright (C) 2017-2018  David Capello -->
<gui>
<window id="slice_properties" text="@.title" help="slices#slice-properties">
  <vbox expansive="true">
    <grid id="properties_grid" columns="3">
      <label text="@.name" for="name" />
      <entry id="name" maxsize="256" magnet="true" cell_align="horizontal" expansive="true" />
      <button id="user_data" icon="icon_user_data" maxsize="32" tooltip="@.user_data_tooltip" />
    </grid>
    <grid columns="3" expansive="true">
      <separator horizontal="true" cell_hspan="3" />

      <box />
      <hbox homogeneous="true">
        <label text="@.x" />
        <label text="@.y" />
        <label text="@.width" />
        <label text="@.height" />
      </hbox>
      <boxfiller cell_align="horizontal" />

      <label text="@.bounds" />
      <hbox homogeneous="true">
        <expr id="bounds_x" />
        <expr id="bounds_y" />
        <expr id="bounds_w" />
        <expr id="bounds_h" />
      </hbox>
      <boxfiller />

      <check text="@.center" id="center" />
      <hbox homogeneous="true">
        <expr id="center_x" />
        <expr id="center_y" />
        <expr id="center_w" />
        <expr id="center_h" />
      </hbox>
      <boxfiller />

      <check text="@.pivot" id="pivot" />
      <hbox>
        <expr id="pivot_x" />
        <expr id="pivot_y" />
      </hbox>
      <boxfiller />

      <boxfiller cell_align="vertical" cell_hspan="3" />
      <separator horizontal="true" cell_hspan="3" cell_align="horizontal" />
      <hbox cell_hspan="3">
        <boxfiller />
        <hbox homogeneous="true">
          <button text="@general.ok" closewindow="true" id="ok" magnet="true" minwidth="60" />
          <button text="@general.cancel" closewindow="true" />
        </hbox>
      </hbox>
    </grid>
  </vbox>
</window>
</gui>
